{"stats":{"minecraft:broken":{"minecraft:golden_axe":1},"minecraft:mined":{"minecraft:spruce_planks":1,"minecraft:scaffolding":5,"minecraft:white_bed":1,"minecraft:glass_pane":6,"iceandfire:silver_ore":2,"minecraft:brown_carpet":3,"minecraft:brewing_stand":1,"minecraft:crafting_table":1,"minecraft:torch":2,"minecraft:blast_furnace":3,"minecraft:grass_block":7,"iceandfire:ghost_chest":1,"minecraft:coal_block":36,"minecraft:tall_grass":7,"minecraft:cobblestone":3,"minecraft:diorite":3,"minecraft:spawner":3,"minecraft:hay_block":48,"minecraft:furnace":2,"dynamictrees:oak_undergrowth_leaves":3,"minecraft:iron_ore":16,"minecraft:fletching_table":1,"minecraft:gold_block":2,"create:asurine":68,"minecraft:grass":9,"minecraft:bookshelf":5,"minecraft:coal_ore":20,"minecraft:dirt_path":2,"minecraft:dirt":1,"create:crimsite":1,"minecraft:deepslate":1,"minecraft:fern":3},"minecraft:picked_up":{"minecraft:crafting_table":1,"minecraft:gold_block":2,"minecraft:enchanted_book":2,"minecraft:flint":3,"minecraft:brewing_stand":1,"minecraft:shield":1,"iceandfire:manuscript":10,"minecraft:dirt":8,"minecraft:iron_leggings":1,"minecraft:cooked_mutton":2,"minecraft:item_frame":2,"spartanweaponry:bolt":1,"minecraft:experience_bottle":10,"minecraft:bone":8,"minecraft:wheat_seeds":2,"minecraft:gold_nugget":23,"minecraft:cobbled_deepslate":1,"minecraft:spruce_planks":1,"guideapi_vp:vampirism-guidebook":1,"minecraft:cobweb":4,"minecraft:fletching_table":1,"born_in_chaos_v1:caramel_pepper":1,"minecraft:iron_pickaxe":1,"minecraft:coal_block":36,"minecraft:scaffolding":6,"minecraft:stick":1,"minecraft:raw_iron":16,"iceandfire:ghost_chest":1,"iceandfire:troll_tusk":1,"patchouli:guide_book":1,"minecraft:torch":2,"born_in_chaos_v1:ethereal_spirit":1,"minecraft:blast_furnace":3,"minecraft:diorite":3,"minecraft:white_bed":1,"minecraft:spruce_log":8,"minecraft:brown_carpet":3,"minecraft:rotten_flesh":8,"create:crimsite":1,"waystones:waystone":1,"minecraft:hay_block":48,"create:asurine":64,"minecraft:painting":1,"minecraft:chainmail_helmet":1,"minecraft:white_wool":7,"minecraft:mutton":9,"minecraft:skeleton_skull":1,"minecraft:coal":40,"iceandfire:raw_silver":2,"minecraft:cobblestone":1,"minecraft:oxeye_daisy":1},"minecraft:killed":{"born_in_chaos_v1:restless_spirit":1,"minecraft:spider":1,"born_in_chaos_v1:decrepit_skeleton":2,"minecraft:sheep":7,"minecraft:zombie":6},"minecraft:used":{"minecraft:cooked_mutton":2,"minecraft:diorite":3,"minecraft:leather_leggings":1,"minecraft:chainmail_helmet":1,"minecraft:spruce_planks":8,"create:crimsite":1,"minecraft:shield":1,"minecraft:leather_chestplate":1,"minecraft:torch":2,"minecraft:dirt":8,"minecraft:crafting_table":1,"minecraft:white_bed":2,"minecraft:painting":1,"easy_villagers:villager":1,"minecraft:oxeye_daisy":1,"minecraft:bread":21,"minecraft:iron_pickaxe":188,"minecraft:item_frame":2,"minecraft:brown_carpet":3,"minecraft:scaffolding":6,"minecraft:experience_bottle":10,"minecraft:cobbled_deepslate":1,"minecraft:golden_axe":68},"minecraft:crafted":{"minecraft:crafting_table":1,"minecraft:spruce_planks":32,"minecraft:iron_pickaxe":1,"minecraft:white_bed":1},"minecraft:dropped":{"minecraft:wheat_seeds":2,"minecraft:rotten_flesh":8,"spartanweaponry:bolt":1,"minecraft:fletching_table":1,"iceandfire:troll_tusk":2,"minecraft:coal":40,"minecraft:flint":6,"minecraft:cobweb":4,"iceandfire:ghost_chest":1,"minecraft:skeleton_skull":1,"minecraft:mutton":9,"minecraft:fire_charge":1,"minecraft:leather_leggings":1,"minecraft:iron_pickaxe":1,"minecraft:white_wool":4},"minecraft:custom":{"minecraft:interact_with_furnace":2,"minecraft:mob_kills":17,"minecraft:interact_with_crafting_table":2,"minecraft:open_barrel":15,"minecraft:damage_dealt_resisted":0,"minecraft:leave_game":7,"minecraft:time_since_death":73188,"minecraft:sleep_in_bed":4,"minecraft:climb_one_cm":13092,"minecraft:waystone_activated":1,"minecraft:time_since_rest":22191,"minecraft:sprint_one_cm":384753,"minecraft:damage_taken":450,"minecraft:walk_one_cm":156727,"minecraft:damage_blocked_by_shield":20,"minecraft:drop":21,"minecraft:damage_dealt":3596,"minecraft:swim_one_cm":12301,"minecraft:talked_to_villager":1,"minecraft:fly_one_cm":404303,"minecraft:open_chest":84,"minecraft:crouch_one_cm":13065,"minecraft:play_time":73188,"minecraft:sneak_time":4151,"minecraft:walk_under_water_one_cm":644,"minecraft:jump":1721,"minecraft:walk_on_water_one_cm":2682,"minecraft:total_world_time":73188,"minecraft:fall_one_cm":57558}},"DataVersion":3465}