{"stats":{"minecraft:broken":{"minecraft:golden_axe":1,"minecraft:iron_pickaxe":1},"minecraft:mined":{"create:zinc_ore":11,"minecraft:spruce_planks":1,"minecraft:white_bed":1,"iceandfire:silver_ore":3,"minecraft:deepslate_diamond_ore":6,"create:andesite_casing":6,"minecraft:brewing_stand":1,"minecraft:grass_block":105,"create:large_cogwheel":1,"minecraft:coal_block":36,"iceandfire:chared_dirt":1,"minecraft:spawner":3,"minecraft:large_fern":2,"minecraft:hay_block":48,"create:shaft":1,"minecraft:furnace":2,"dynamictrees:oak_undergrowth_leaves":3,"minecraft:iron_ore":16,"minecraft:fire":10,"minecraft:andesite":41,"iceandfire:chared_gravel":1,"minecraft:fletching_table":1,"minecraft:azure_bluet":2,"minecraft:gold_block":2,"minecraft:brown_bed":1,"create:asurine":68,"biomesoplenty:sea_oats":3,"minecraft:bookshelf":5,"biomesoplenty:high_grass":42,"iceandfire:gold_pile":71,"minecraft:dirt_path":2,"minecraft:stripped_oak_log":1,"minecraft:stone":46,"create:cogwheel":11,"cyclic:flower_lime_carnation":1,"minecraft:scaffolding":5,"minecraft:glass_pane":6,"minecraft:brown_carpet":3,"born_in_chaos_v1:infected_deepslate_diamond_ore":4,"minecraft:crafting_table":2,"minecraft:torch":2,"minecraft:blast_furnace":4,"iceandfire:ghost_chest":2,"biomesoplenty:high_grass_plant":109,"minecraft:tall_grass":19,"minecraft:cobblestone":3,"biomesoplenty:huge_clover_petal":6,"minecraft:oak_planks":4,"minecraft:diorite":3,"create:large_water_wheel":3,"create:water_wheel_structure":1,"minecraft:grass":45,"minecraft:coal_ore":20,"minecraft:dirt":30,"create:crimsite":1,"minecraft:deepslate":3,"minecraft:fern":3},"minecraft:picked_up":{"biomesoplenty:redwood_log":100,"minecraft:crafting_table":4,"born_in_chaos_v1:diamond_termite_shard":4,"minecraft:azure_bluet":2,"minecraft:chicken":1,"born_in_chaos_v1:seedof_chaos":2,"minecraft:brown_bed":1,"minecraft:gold_block":2,"minecraft:enchanted_book":3,"minecraft:brewing_stand":1,"minecraft:shield":1,"born_in_chaos_v1:holiday_candy":1,"iceandfire:manuscript":14,"minecraft:iron_leggings":1,"minecraft:item_frame":2,"minecraft:experience_bottle":10,"spartanweaponry:bolt":1,"cyclic:flower_lime_carnation":1,"mysticalagriculture:inferium_essence":3,"minecraft:gold_nugget":1151,"minecraft:cobbled_deepslate":2,"minecraft:spruce_planks":1,"minecraft:poppy":1,"minecraft:iron_pickaxe":1,"minecraft:coal_block":36,"minecraft:iron_boots":1,"minecraft:egg":4,"minecraft:stick":69,"minecraft:raw_iron":16,"apotheosis:gem":5,"iceandfire:ghost_chest":1,"iceandfire:troll_tusk":1,"minecraft:torch":2,"create:andesite_casing":6,"born_in_chaos_v1:pileof_dark_metal":1,"minecraft:diorite":3,"minecraft:brown_carpet":3,"create:large_cogwheel":1,"minecraft:arrow":2,"minecraft:rotten_flesh":11,"iceandfire:chared_dirt":1,"minecraft:hay_block":48,"create:asurine":64,"minecraft:mutton":9,"minecraft:skeleton_skull":1,"minecraft:white_wool":7,"minecraft:cobblestone":46,"minecraft:oxeye_daisy":1,"minecraft:stripped_oak_log":1,"born_in_chaos_v1:corpse_maggot":2,"minecraft:feather":2,"born_in_chaos_v1:monster_flesh":1,"born_in_chaos_v1:spiritual_dust":3,"minecraft:andesite":40,"biomesoplenty:stripped_redwood_log":6,"minecraft:flint":3,"create:raw_zinc":11,"minecraft:oak_log":38,"iceandfire:ectoplasm":5,"minecraft:dirt":141,"minecraft:cooked_mutton":2,"minecraft:bone":25,"minecraft:bow":1,"minecraft:wheat_seeds":4,"guideapi_vp:vampirism-guidebook":1,"minecraft:cobweb":8,"create:shaft":1,"minecraft:fletching_table":2,"born_in_chaos_v1:caramel_pepper":1,"minecraft:oak_planks":4,"born_in_chaos_v1:mint_candy":1,"minecraft:scaffolding":6,"create:large_water_wheel":3,"patchouli:guide_book":1,"create:cogwheel":11,"iceandfire:ash":1,"born_in_chaos_v1:ethereal_spirit":3,"minecraft:dandelion":7,"minecraft:blast_furnace":4,"minecraft:white_bed":1,"minecraft:spruce_log":8,"create:crimsite":1,"minecraft:diamond":6,"waystones:waystone":2,"minecraft:chainmail_leggings":2,"minecraft:painting":1,"minecraft:chainmail_helmet":1,"minecraft:coal":40,"iceandfire:chared_gravel":1,"iceandfire:raw_silver":3},"minecraft:killed":{"born_in_chaos_v1:mr_pumpkin":1,"born_in_chaos_v1:restless_spirit":2,"minecraft:spider":1,"born_in_chaos_v1:baby_skeleton_minion":5,"minecraft:skeleton":2,"born_in_chaos_v1:baby_spider":2,"born_in_chaos_v1:skeleton_thrasher":1,"minecraft:drowned":1,"born_in_chaos_v1:firelight_not_despawn":1,"born_in_chaos_v1:bonescaller":1,"born_in_chaos_v1:diamond_termite":4,"born_in_chaos_v1:baby_skeleton":1,"born_in_chaos_v1:decrepit_skeleton":2,"minecraft:sheep":7,"minecraft:zombie":10,"born_in_chaos_v1:dread_hound":1,"born_in_chaos_v1:corpse_fly":2,"born_in_chaos_v1:mrs_pumpkin":1,"minecraft:cow":2},"minecraft:used":{"minecraft:iron_shovel":121,"born_in_chaos_v1:ethereal_spirit":8,"biomesoplenty:redwood_planks":10,"minecraft:chest":8,"minecraft:spruce_planks":15,"minecraft:shield":56,"minecraft:iron_sword":69,"minecraft:torch":2,"minecraft:brewing_stand":1,"minecraft:dirt":18,"create:cogwheel":24,"create:depot":1,"cyclic:flower_lime_carnation":1,"minecraft:iron_axe":93,"minecraft:item_frame":2,"minecraft:brown_carpet":3,"minecraft:scaffolding":6,"create:shaft":1,"minecraft:egg":8,"minecraft:cobbled_deepslate":1,"minecraft:brown_bed":1,"minecraft:golden_axe":68,"minecraft:iron_leggings":1,"minecraft:cooked_mutton":2,"minecraft:water_bucket":18,"minecraft:leather_leggings":1,"minecraft:diorite":3,"minecraft:oak_planks":68,"create:crimsite":1,"minecraft:leather_chestplate":1,"minecraft:chainmail_helmet":1,"minecraft:fletching_table":1,"iceandfire:chared_dirt":1,"minecraft:crafting_table":3,"minecraft:blast_furnace":4,"minecraft:white_bed":2,"born_in_chaos_v1:holiday_candy":1,"minecraft:painting":1,"minecraft:oak_log":6,"waystones:waystone":2,"easy_villagers:villager":1,"minecraft:oxeye_daisy":1,"create:mechanical_press":1,"born_in_chaos_v1:monster_flesh":1,"minecraft:iron_pickaxe":394,"minecraft:bread":69,"spartanweaponry:iron_heavy_crossbow":1,"create:large_water_wheel":19,"iceandfire:chared_gravel":1,"minecraft:bucket":18,"minecraft:stripped_oak_log":1,"create:large_cogwheel":3,"minecraft:experience_bottle":10,"minecraft:chainmail_leggings":1},"minecraft:crafted":{"minecraft:oak_planks":128,"minecraft:coal":324,"minecraft:iron_axe":1,"create:mechanical_press":1,"minecraft:chest":8,"create:cogwheel":8,"create:depot":1,"create:andesite_alloy":20,"minecraft:crafting_table":1,"minecraft:spruce_planks":32,"biomesoplenty:redwood_planks":400,"minecraft:iron_helmet":1,"minecraft:iron_sword":1,"create:large_water_wheel":16,"minecraft:bucket":1,"minecraft:bread":4,"minecraft:air":0,"minecraft:diamond_pickaxe":1,"create:water_wheel":16,"minecraft:iron_ingot":17,"minecraft:iron_pickaxe":4,"minecraft:iron_block":1,"minecraft:iron_shovel":1,"create:large_cogwheel":3,"minecraft:white_bed":1,"create:shaft":32},"minecraft:dropped":{"minecraft:golden_boots":1,"minecraft:wheat_seeds":2,"biomesoplenty:stripped_redwood_log":6,"minecraft:crafting_table":2,"minecraft:cobblestone":1,"iceandfire:ectoplasm":5,"minecraft:fletching_table":1,"minecraft:coal":40,"minecraft:flint":6,"minecraft:cobweb":8,"minecraft:dirt":6,"minecraft:mutton":9,"minecraft:fire_charge":1,"minecraft:iron_pickaxe":1,"minecraft:chainmail_leggings":2,"minecraft:white_wool":4,"iceandfire:dragonbone":4,"minecraft:rotten_flesh":10,"born_in_chaos_v1:caramel_pepper":1,"spartanweaponry:bolt":1,"iceandfire:troll_tusk":2,"spartanweaponry:iron_longbow":1,"iceandfire:ghost_chest":1,"minecraft:spruce_planks":11,"minecraft:skeleton_skull":1,"minecraft:leather_leggings":1},"minecraft:custom":{"minecraft:mob_kills":48,"minecraft:interact_with_crafting_table":27,"minecraft:open_barrel":15,"minecraft:damage_dealt_resisted":124,"minecraft:leave_game":16,"minecraft:time_since_death":175517,"minecraft:climb_one_cm":13092,"minecraft:sprint_one_cm":673101,"minecraft:walk_one_cm":314001,"minecraft:damage_blocked_by_shield":985,"minecraft:drop":37,"minecraft:talked_to_villager":3,"minecraft:play_time":175517,"minecraft:sneak_time":10457,"minecraft:walk_under_water_one_cm":24914,"minecraft:jump":4153,"minecraft:interact_with_blast_furnace":5,"minecraft:walk_on_water_one_cm":50714,"minecraft:total_world_time":175517,"minecraft:interact_with_furnace":2,"spartanshields:shield_bash_hits":5,"minecraft:sleep_in_bed":5,"minecraft:time_since_rest":71735,"minecraft:waystone_activated":3,"minecraft:damage_taken":2346,"minecraft:trigger_trapped_chest":1,"minecraft:damage_dealt":8156,"minecraft:swim_one_cm":90852,"minecraft:fly_one_cm":970088,"minecraft:open_chest":132,"minecraft:crouch_one_cm":33262,"minecraft:fall_one_cm":148403}},"DataVersion":3465}