{"stats":{"minecraft:broken":{"minecraft:golden_axe":1,"minecraft:iron_pickaxe":1},"minecraft:mined":{"create:zinc_ore":11,"minecraft:spruce_planks":1,"minecraft:white_bed":1,"iceandfire:silver_ore":3,"minecraft:brewing_stand":1,"minecraft:grass_block":11,"minecraft:coal_block":36,"minecraft:spawner":3,"minecraft:large_fern":2,"minecraft:hay_block":48,"minecraft:furnace":2,"dynamictrees:oak_undergrowth_leaves":3,"minecraft:iron_ore":16,"minecraft:fire":1,"minecraft:andesite":41,"minecraft:fletching_table":1,"minecraft:azure_bluet":1,"minecraft:gold_block":2,"minecraft:brown_bed":1,"biomesoplenty:sea_oats":3,"create:asurine":68,"minecraft:bookshelf":5,"biomesoplenty:high_grass":42,"minecraft:dirt_path":2,"minecraft:stone":46,"minecraft:scaffolding":5,"cyclic:flower_lime_carnation":1,"minecraft:glass_pane":6,"minecraft:brown_carpet":3,"minecraft:crafting_table":2,"minecraft:torch":2,"minecraft:blast_furnace":4,"iceandfire:ghost_chest":2,"biomesoplenty:high_grass_plant":109,"minecraft:tall_grass":16,"minecraft:cobblestone":3,"biomesoplenty:huge_clover_petal":6,"minecraft:oak_planks":4,"minecraft:diorite":3,"minecraft:grass":34,"minecraft:coal_ore":20,"minecraft:dirt":1,"create:crimsite":1,"minecraft:deepslate":1,"minecraft:fern":3},"minecraft:picked_up":{"biomesoplenty:redwood_log":100,"minecraft:crafting_table":4,"minecraft:brown_bed":1,"minecraft:gold_block":2,"minecraft:enchanted_book":3,"minecraft:brewing_stand":1,"minecraft:shield":1,"born_in_chaos_v1:holiday_candy":1,"iceandfire:manuscript":14,"minecraft:iron_leggings":1,"minecraft:item_frame":2,"spartanweaponry:bolt":1,"minecraft:experience_bottle":10,"cyclic:flower_lime_carnation":1,"minecraft:gold_nugget":23,"minecraft:cobbled_deepslate":1,"minecraft:spruce_planks":1,"minecraft:iron_pickaxe":1,"minecraft:coal_block":36,"minecraft:iron_boots":1,"minecraft:egg":1,"minecraft:stick":55,"minecraft:raw_iron":16,"iceandfire:ghost_chest":1,"apotheosis:gem":4,"iceandfire:troll_tusk":1,"minecraft:torch":2,"born_in_chaos_v1:pileof_dark_metal":1,"minecraft:diorite":3,"minecraft:brown_carpet":3,"minecraft:rotten_flesh":10,"minecraft:hay_block":48,"create:asurine":64,"minecraft:mutton":9,"minecraft:skeleton_skull":1,"minecraft:white_wool":7,"minecraft:cobblestone":46,"minecraft:oxeye_daisy":1,"minecraft:andesite":40,"biomesoplenty:stripped_redwood_log":6,"minecraft:flint":3,"create:raw_zinc":11,"minecraft:oak_log":32,"iceandfire:ectoplasm":5,"minecraft:dirt":18,"minecraft:cooked_mutton":2,"minecraft:bone":21,"minecraft:wheat_seeds":2,"guideapi_vp:vampirism-guidebook":1,"minecraft:cobweb":8,"born_in_chaos_v1:caramel_pepper":1,"minecraft:fletching_table":2,"minecraft:oak_planks":4,"minecraft:scaffolding":6,"patchouli:guide_book":1,"born_in_chaos_v1:ethereal_spirit":1,"minecraft:blast_furnace":4,"minecraft:white_bed":1,"minecraft:spruce_log":8,"create:crimsite":1,"waystones:waystone":2,"minecraft:chainmail_leggings":2,"minecraft:painting":1,"minecraft:chainmail_helmet":1,"minecraft:coal":40,"iceandfire:raw_silver":3},"minecraft:used":{"minecraft:chest":8,"minecraft:spruce_planks":15,"minecraft:shield":2,"minecraft:torch":2,"minecraft:brewing_stand":1,"minecraft:dirt":12,"cyclic:flower_lime_carnation":1,"minecraft:iron_axe":31,"minecraft:item_frame":2,"minecraft:brown_carpet":3,"minecraft:scaffolding":6,"minecraft:egg":8,"minecraft:cobbled_deepslate":1,"minecraft:iron_leggings":1,"minecraft:brown_bed":1,"minecraft:golden_axe":68,"minecraft:cooked_mutton":2,"minecraft:water_bucket":2,"minecraft:diorite":3,"minecraft:leather_leggings":1,"minecraft:oak_planks":68,"create:crimsite":1,"minecraft:leather_chestplate":1,"minecraft:chainmail_helmet":1,"minecraft:fletching_table":1,"minecraft:crafting_table":3,"minecraft:blast_furnace":4,"born_in_chaos_v1:holiday_candy":1,"minecraft:white_bed":2,"minecraft:painting":1,"waystones:waystone":2,"easy_villagers:villager":1,"minecraft:oxeye_daisy":1,"minecraft:bread":38,"minecraft:iron_pickaxe":306,"spartanweaponry:iron_heavy_crossbow":1,"minecraft:bucket":3,"minecraft:experience_bottle":10,"minecraft:chainmail_leggings":1},"minecraft:killed":{"born_in_chaos_v1:mr_pumpkin":1,"born_in_chaos_v1:restless_spirit":1,"minecraft:spider":1,"born_in_chaos_v1:baby_spider":1,"born_in_chaos_v1:skeleton_thrasher":1,"born_in_chaos_v1:firelight_not_despawn":1,"born_in_chaos_v1:decrepit_skeleton":2,"minecraft:sheep":7,"minecraft:zombie":6},"minecraft:crafted":{"minecraft:oak_planks":128,"minecraft:coal":324,"minecraft:iron_axe":1,"minecraft:chest":8,"create:andesite_alloy":20,"minecraft:crafting_table":1,"minecraft:spruce_planks":32,"minecraft:bucket":1,"minecraft:bread":4,"minecraft:iron_pickaxe":2,"minecraft:white_bed":1,"create:shaft":16},"minecraft:dropped":{"minecraft:golden_boots":1,"minecraft:wheat_seeds":2,"biomesoplenty:stripped_redwood_log":6,"minecraft:crafting_table":2,"minecraft:cobblestone":1,"iceandfire:ectoplasm":5,"minecraft:fletching_table":1,"minecraft:coal":40,"minecraft:flint":6,"minecraft:cobweb":8,"minecraft:dirt":6,"minecraft:mutton":9,"minecraft:fire_charge":1,"minecraft:iron_pickaxe":1,"minecraft:chainmail_leggings":2,"minecraft:white_wool":4,"iceandfire:dragonbone":4,"minecraft:rotten_flesh":10,"born_in_chaos_v1:caramel_pepper":1,"spartanweaponry:bolt":1,"iceandfire:troll_tusk":2,"spartanweaponry:iron_longbow":1,"iceandfire:ghost_chest":1,"minecraft:skeleton_skull":1,"minecraft:spruce_planks":11,"minecraft:leather_leggings":1},"minecraft:custom":{"minecraft:mob_kills":21,"minecraft:interact_with_crafting_table":15,"minecraft:open_barrel":15,"minecraft:damage_dealt_resisted":0,"minecraft:leave_game":9,"minecraft:time_since_death":124269,"minecraft:climb_one_cm":13092,"minecraft:sprint_one_cm":547478,"minecraft:walk_one_cm":203364,"minecraft:damage_blocked_by_shield":30,"minecraft:drop":37,"minecraft:talked_to_villager":1,"minecraft:play_time":124269,"minecraft:sneak_time":8202,"minecraft:walk_under_water_one_cm":11395,"minecraft:jump":3142,"minecraft:interact_with_blast_furnace":4,"minecraft:walk_on_water_one_cm":21234,"minecraft:total_world_time":124269,"minecraft:interact_with_furnace":2,"minecraft:sleep_in_bed":5,"minecraft:time_since_rest":20487,"minecraft:waystone_activated":3,"minecraft:damage_taken":889,"minecraft:trigger_trapped_chest":1,"minecraft:damage_dealt":4315,"minecraft:swim_one_cm":40724,"minecraft:fly_one_cm":766515,"minecraft:open_chest":93,"minecraft:crouch_one_cm":26187,"minecraft:fall_one_cm":115462}},"DataVersion":3465}