{"stats":{"minecraft:dropped":{"minecraft:rotten_flesh":7,"spartanweaponry:bolt":1,"minecraft:cobweb":4,"iceandfire:ghost_chest":1,"minecraft:skeleton_skull":1,"minecraft:mutton":9,"minecraft:leather_leggings":1,"minecraft:iron_pickaxe":1,"minecraft:white_wool":4},"minecraft:custom":{"minecraft:interact_with_furnace":2,"minecraft:mob_kills":10,"minecraft:interact_with_crafting_table":2,"minecraft:open_barrel":15,"minecraft:leave_game":2,"minecraft:time_since_death":63436,"minecraft:sleep_in_bed":4,"minecraft:climb_one_cm":13092,"minecraft:time_since_rest":12439,"minecraft:sprint_one_cm":335231,"minecraft:walk_one_cm":135878,"minecraft:damage_taken":401,"minecraft:damage_blocked_by_shield":20,"minecraft:drop":10,"minecraft:damage_dealt":1762,"minecraft:swim_one_cm":12301,"minecraft:talked_to_villager":1,"minecraft:fly_one_cm":330010,"minecraft:open_chest":80,"minecraft:crouch_one_cm":11425,"minecraft:play_time":63436,"minecraft:sneak_time":3865,"minecraft:walk_under_water_one_cm":644,"minecraft:jump":1440,"minecraft:walk_on_water_one_cm":2120,"minecraft:total_world_time":63436,"minecraft:fall_one_cm":48934},"minecraft:used":{"minecraft:cooked_mutton":2,"minecraft:diorite":3,"minecraft:leather_leggings":1,"create:crimsite":1,"minecraft:shield":1,"minecraft:leather_chestplate":1,"minecraft:chainmail_helmet":1,"minecraft:torch":2,"minecraft:dirt":8,"minecraft:crafting_table":1,"minecraft:white_bed":1,"minecraft:painting":1,"easy_villagers:villager":1,"minecraft:oxeye_daisy":1,"minecraft:bread":18,"minecraft:iron_pickaxe":168,"minecraft:item_frame":2,"minecraft:brown_carpet":3,"minecraft:scaffolding":6,"minecraft:cobbled_deepslate":1,"minecraft:golden_axe":31,"minecraft:experience_bottle":10},"minecraft:crafted":{"minecraft:crafting_table":1,"minecraft:spruce_planks":32,"minecraft:iron_pickaxe":1,"minecraft:white_bed":1},"minecraft:mined":{"minecraft:scaffolding":5,"minecraft:white_bed":1,"iceandfire:silver_ore":2,"minecraft:brown_carpet":3,"minecraft:brewing_stand":1,"minecraft:crafting_table":1,"minecraft:torch":2,"minecraft:blast_furnace":2,"minecraft:grass_block":5,"iceandfire:ghost_chest":1,"minecraft:coal_block":33,"minecraft:tall_grass":3,"minecraft:cobblestone":2,"minecraft:diorite":3,"minecraft:spawner":3,"minecraft:hay_block":35,"minecraft:furnace":2,"dynamictrees:oak_undergrowth_leaves":3,"minecraft:iron_ore":16,"minecraft:gold_block":2,"create:asurine":68,"minecraft:grass":6,"minecraft:bookshelf":5,"minecraft:coal_ore":20,"minecraft:dirt_path":2,"minecraft:dirt":1,"create:crimsite":1,"minecraft:deepslate":1,"minecraft:fern":3},"minecraft:picked_up":{"minecraft:crafting_table":1,"minecraft:gold_block":2,"minecraft:enchanted_book":2,"minecraft:brewing_stand":1,"minecraft:shield":1,"iceandfire:manuscript":10,"minecraft:dirt":8,"minecraft:iron_leggings":1,"minecraft:cooked_mutton":2,"minecraft:item_frame":2,"spartanweaponry:bolt":1,"minecraft:bone":8,"minecraft:experience_bottle":10,"minecraft:gold_nugget":23,"minecraft:cobbled_deepslate":1,"minecraft:cobweb":4,"minecraft:iron_pickaxe":1,"minecraft:coal_block":33,"minecraft:scaffolding":6,"minecraft:stick":1,"minecraft:raw_iron":16,"iceandfire:ghost_chest":1,"minecraft:torch":2,"minecraft:blast_furnace":2,"minecraft:diorite":3,"minecraft:white_bed":1,"minecraft:spruce_log":8,"minecraft:brown_carpet":3,"create:crimsite":1,"minecraft:rotten_flesh":7,"waystones:waystone":1,"minecraft:hay_block":35,"minecraft:painting":1,"create:asurine":64,"minecraft:chainmail_helmet":1,"minecraft:skeleton_skull":1,"minecraft:mutton":9,"minecraft:white_wool":7,"iceandfire:raw_silver":2,"minecraft:coal":20,"minecraft:oxeye_daisy":1},"minecraft:killed":{"minecraft:spider":1,"born_in_chaos_v1:decrepit_skeleton":2,"minecraft:sheep":7}},"DataVersion":3465}