{"stats":{"minecraft:broken":{"minecraft:stone_axe":1,"minecraft:iron_pickaxe":1},"minecraft:killed_by":{"minecraft:player":8,"born_in_chaos_v1:nightmare_stalker":1,"minecraft:creeper":1,"minecraft:skeleton":1},"minecraft:mined":{"minecraft:dark_oak_planks":7,"biomesoplenty:white_sand":2,"minecraft:quartz_stairs":1,"biomesoplenty:bush":14,"minecraft:grass_block":5,"minecraft:brick_stairs":1,"minecraft:large_fern":29,"minecraft:furnace":1,"dynamictrees:oak_undergrowth_leaves":24,"minecraft:andesite":23,"dynamictrees:dark_oak_root":1,"biomesoplenty:high_grass":3,"biomesoplenty:redwood_log":2,"minecraft:blue_orchid":1,"minecraft:stone":157,"minecraft:podzol":27,"biomesoplenty:redwood_planks":2,"dtbop:redwood_root":10,"born_in_chaos_v1:marigolds":2,"minecraft:kelp_plant":3,"minecraft:crafting_table":1,"minecraft:cyan_stained_glass_pane":5,"minecraft:chest":1,"minecraft:white_stained_glass_pane":1,"biomesoplenty:high_grass_plant":13,"minecraft:tall_grass":4,"minecraft:copper_ore":2,"minecraft:deepslate_coal_ore":1,"minecraft:quartz_bricks":12,"minecraft:diorite":40,"minecraft:brick_slab":1,"minecraft:sweet_berry_bush":5,"minecraft:gray_bed":1,"minecraft:quartz_pillar":1,"minecraft:smooth_stone_slab":1,"biomesoplenty:clover":4,"minecraft:grass":20,"minecraft:gravel":98,"minecraft:sand":32,"minecraft:dirt":67,"minecraft:cracked_stone_bricks":1,"minecraft:stone_bricks":1,"minecraft:netherrack":1,"minecraft:fern":17},"minecraft:picked_up":{"biomesoplenty:redwood_log":1386,"minecraft:crafting_table":1,"minecraft:raw_copper":8,"spartanweaponry:bolt":2,"minecraft:blue_orchid":1,"minecraft:cracked_stone_bricks":2,"minecraft:bucket":1,"minecraft:iron_pickaxe":1,"born_in_chaos_v1:stimulating_decoction":3,"minecraft:quartz_stairs":1,"minecraft:chest":1,"minecraft:furnace":1,"minecraft:stick":124,"minecraft:raw_iron":7,"minecraft:quartz_pillar":4,"minecraft:diorite":39,"minecraft:dark_oak_planks":10,"biomesoplenty:redwood_planks":3,"minecraft:rotten_flesh":3,"minecraft:arrow":1,"minecraft:cobblestone":159,"minecraft:birch_log":8,"born_in_chaos_v1:corpse_maggot":2,"biomesoplenty:white_sand":2,"minecraft:andesite":25,"minecraft:dark_oak_boat":2,"minecraft:flint":10,"iceandfire:ectoplasm":1,"biomesoplenty:redwood_button":1,"minecraft:dirt":78,"born_in_chaos_v1:marigolds":4,"minecraft:bone":4,"minecraft:bow":2,"minecraft:wheat_seeds":6,"minecraft:iron_ingot":7,"minecraft:gray_bed":2,"minecraft:sweet_berries":13,"minecraft:gravel":88,"dtbop:redwood_seed":5,"minecraft:sand":47,"minecraft:dark_oak_log":111,"minecraft:brick_slab":1,"minecraft:quartz_bricks":10,"waystones:waystone":1,"minecraft:crossbow":4,"minecraft:baked_potato":8,"minecraft:netherrack":2,"minecraft:coal":1},"minecraft:used":{"minecraft:iron_shovel":136,"biomesoplenty:redwood_planks":77,"minecraft:chest":3,"minecraft:stone":2,"minecraft:rotten_flesh":2,"minecraft:dirt":33,"minecraft:obsidian":7,"biomesoplenty:redwood_log":2,"minecraft:dark_oak_planks":139,"minecraft:iron_axe":146,"minecraft:dark_oak_boat":1,"minecraft:sweet_berries":7,"minecraft:furnace":2,"minecraft:gray_bed":2,"minecraft:quartz_bricks":9,"minecraft:water_bucket":96,"minecraft:diorite":29,"spartanweaponry:diamond_heavy_crossbow":14,"minecraft:baked_potato":23,"minecraft:birch_boat":1,"spartanweaponry:iron_boomerang":37,"minecraft:fletching_table":4,"minecraft:cracked_stone_bricks":1,"minecraft:sand":4,"dtbop:redwood_seed":3,"minecraft:crafting_table":4,"waystones:waystone":1,"easy_villagers:villager":7,"minecraft:bread":13,"minecraft:iron_pickaxe":251,"minecraft:gravel":85,"minecraft:stone_axe":30,"minecraft:andesite":17,"minecraft:bucket":97,"minecraft:tropical_fish_bucket":1},"minecraft:killed":{"born_in_chaos_v1:zombie_clown":1,"vampirism:vampire":1,"minecraft:spider":1,"minecraft:skeleton":3,"born_in_chaos_v1:corpse_fish":1,"minecraft:skeleton_horse":1,"minecraft:iron_golem":2,"born_in_chaos_v1:decrepit_skeleton":1,"born_in_chaos_v1:decaying_zombie":1,"minecraft:zombie":3,"iceandfire:ghost":2,"born_in_chaos_v1:corpse_fly":1,"minecraft:villager":1},"minecraft:crafted":{"minecraft:birch_boat":1,"minecraft:furnace":1,"spartanweaponry:bolt":144,"minecraft:glass":21,"minecraft:bow":21,"minecraft:iron_axe":1,"minecraft:chest":2,"minecraft:dark_oak_planks":256,"minecraft:crossbow":24,"minecraft:emerald":380,"minecraft:crafting_table":3,"biomesoplenty:redwood_planks":6900,"spartanweaponry:diamond_heavy_crossbow":1,"minecraft:fletching_table":4,"spartanweaponry:iron_longbow":8,"minecraft:birch_planks":32,"minecraft:stone_axe":2,"minecraft:air":0,"minecraft:stick":13551,"minecraft:iron_pickaxe":1,"minecraft:iron_shovel":1,"spartanweaponry:iron_heavy_crossbow":3},"minecraft:dropped":{"minecraft:iron_ingot":1,"minecraft:birch_planks":23,"minecraft:wheat_seeds":2,"spartanweaponry:iron_boomerang":2,"minecraft:crossbow":5,"iceandfire:ectoplasm":1,"minecraft:cracked_stone_bricks":1,"minecraft:stick":8,"minecraft:emerald":16,"minecraft:flint":10,"minecraft:dirt":7,"minecraft:dark_oak_log":47,"minecraft:iron_axe":1,"minecraft:iron_pickaxe":1,"minecraft:dark_oak_planks":3,"minecraft:bone":3,"minecraft:gravel":11,"minecraft:rotten_flesh":1,"biomesoplenty:redwood_planks":1,"minecraft:quartz_bricks":1,"biomesoplenty:white_sand":2,"easy_villagers:villager":4,"minecraft:bow":3,"minecraft:blue_orchid":1,"born_in_chaos_v1:marigolds":2,"minecraft:netherrack":2},"minecraft:custom":{"minecraft:mob_kills":19,"minecraft:interact_with_crafting_table":13,"minecraft:open_barrel":3,"minecraft:damage_dealt_resisted":0,"minecraft:eat_cake_slice":2,"minecraft:leave_game":12,"minecraft:time_since_death":12027,"minecraft:climb_one_cm":1706,"minecraft:damage_resisted":0,"minecraft:sprint_one_cm":241738,"minecraft:walk_one_cm":211570,"minecraft:drop":93,"minecraft:talked_to_villager":119,"minecraft:play_time":161515,"minecraft:deaths":12,"minecraft:sneak_time":15053,"minecraft:walk_under_water_one_cm":18321,"minecraft:boat_one_cm":80985,"minecraft:jump":1885,"minecraft:walk_on_water_one_cm":14795,"minecraft:total_world_time":161515,"minecraft:interact_with_furnace":6,"minecraft:traded_with_villager":446,"minecraft:sleep_in_bed":2,"minecraft:time_since_rest":12070,"minecraft:waystone_activated":2,"minecraft:damage_taken":5171,"minecraft:damage_dealt":5961,"minecraft:swim_one_cm":93836,"minecraft:fly_one_cm":219208,"minecraft:player_kills":5,"minecraft:open_chest":109,"minecraft:crouch_one_cm":29976,"minecraft:fall_one_cm":46801}},"DataVersion":3465}