{"stats":{"minecraft:killed_by":{"minecraft:player":4,"born_in_chaos_v1:nightmare_stalker":1,"minecraft:skeleton":1,"minecraft:creeper":1},"minecraft:mined":{"minecraft:dark_oak_planks":7,"born_in_chaos_v1:marigolds":2,"minecraft:quartz_stairs":1,"minecraft:kelp_plant":3,"minecraft:crafting_table":1,"minecraft:cyan_stained_glass_pane":5,"biomesoplenty:bush":10,"minecraft:grass_block":4,"minecraft:white_stained_glass_pane":1,"minecraft:brick_stairs":1,"biomesoplenty:high_grass_plant":13,"minecraft:tall_grass":4,"minecraft:deepslate_coal_ore":1,"minecraft:quartz_bricks":12,"minecraft:large_fern":18,"minecraft:brick_slab":1,"dynamictrees:oak_undergrowth_leaves":3,"minecraft:sweet_berry_bush":5,"minecraft:gray_bed":1,"minecraft:quartz_pillar":1,"dynamictrees:dark_oak_root":1,"minecraft:smooth_stone_slab":1,"minecraft:grass":17,"biomesoplenty:clover":4,"biomesoplenty:high_grass":3,"minecraft:dirt":6,"minecraft:blue_orchid":1,"minecraft:stone":1,"minecraft:fern":7},"minecraft:picked_up":{"born_in_chaos_v1:corpse_maggot":2,"minecraft:crafting_table":1,"minecraft:dirt":14,"born_in_chaos_v1:marigolds":2,"minecraft:bone":2,"minecraft:blue_orchid":1,"minecraft:wheat_seeds":3,"minecraft:iron_ingot":6,"minecraft:gray_bed":1,"minecraft:quartz_stairs":1,"minecraft:stick":20,"minecraft:sweet_berries":13,"minecraft:quartz_pillar":4,"minecraft:dark_oak_log":64,"minecraft:brick_slab":1,"minecraft:dark_oak_planks":7,"minecraft:quartz_bricks":10,"minecraft:arrow":1,"waystones:waystone":1,"minecraft:baked_potato":8,"minecraft:coal":1,"minecraft:cobblestone":1},"minecraft:killed":{"minecraft:iron_golem":2,"born_in_chaos_v1:decrepit_skeleton":1,"minecraft:skeleton":1,"born_in_chaos_v1:decaying_zombie":1,"minecraft:zombie":1,"iceandfire:ghost":2,"born_in_chaos_v1:corpse_fly":1,"born_in_chaos_v1:corpse_fish":1},"minecraft:used":{"minecraft:quartz_bricks":9,"minecraft:water_bucket":94,"minecraft:baked_potato":14,"minecraft:stone":2,"spartanweaponry:iron_boomerang":30,"minecraft:dirt":8,"minecraft:crafting_table":1,"minecraft:obsidian":7,"minecraft:dark_oak_planks":139,"minecraft:iron_axe":97,"minecraft:bread":8,"minecraft:iron_pickaxe":20,"minecraft:sweet_berries":7,"minecraft:bucket":95,"minecraft:tropical_fish_bucket":1},"minecraft:crafted":{"minecraft:crafting_table":1,"minecraft:iron_axe":1,"minecraft:stick":4,"minecraft:iron_pickaxe":1,"minecraft:dark_oak_planks":256},"minecraft:dropped":{"spartanweaponry:iron_boomerang":2,"minecraft:quartz_bricks":1,"minecraft:stick":2,"minecraft:dirt":6,"minecraft:blue_orchid":1},"minecraft:custom":{"minecraft:interact_with_furnace":1,"minecraft:mob_kills":10,"minecraft:interact_with_crafting_table":2,"minecraft:open_barrel":3,"minecraft:damage_dealt_resisted":0,"minecraft:eat_cake_slice":2,"minecraft:leave_game":1,"minecraft:time_since_death":9250,"minecraft:sleep_in_bed":1,"minecraft:climb_one_cm":1298,"minecraft:damage_resisted":0,"minecraft:time_since_rest":9273,"minecraft:waystone_activated":1,"minecraft:sprint_one_cm":121486,"minecraft:damage_taken":3034,"minecraft:walk_one_cm":65663,"minecraft:drop":8,"minecraft:damage_dealt":4064,"minecraft:swim_one_cm":68793,"minecraft:player_kills":1,"minecraft:fly_one_cm":111919,"minecraft:open_chest":27,"minecraft:crouch_one_cm":7429,"minecraft:play_time":43531,"minecraft:deaths":7,"minecraft:sneak_time":5048,"minecraft:walk_under_water_one_cm":11745,"minecraft:jump":768,"minecraft:walk_on_water_one_cm":6734,"minecraft:total_world_time":43531,"minecraft:fall_one_cm":23396}},"DataVersion":3465}