{"stats":{"minecraft:killed_by":{"minecraft:player":3,"born_in_chaos_v1:nightmare_stalker":1,"minecraft:skeleton":1,"minecraft:creeper":1},"minecraft:mined":{"minecraft:dark_oak_planks":6,"minecraft:quartz_stairs":1,"minecraft:crafting_table":1,"minecraft:cyan_stained_glass_pane":5,"biomesoplenty:bush":9,"minecraft:grass_block":4,"minecraft:white_stained_glass_pane":1,"minecraft:brick_stairs":1,"minecraft:deepslate_coal_ore":1,"minecraft:quartz_bricks":6,"minecraft:large_fern":18,"minecraft:brick_slab":1,"dynamictrees:oak_undergrowth_leaves":3,"minecraft:sweet_berry_bush":5,"minecraft:gray_bed":1,"minecraft:quartz_pillar":1,"dynamictrees:dark_oak_root":1,"minecraft:smooth_stone_slab":1,"minecraft:grass":8,"minecraft:dirt":4,"minecraft:blue_orchid":1,"minecraft:stone":1,"minecraft:fern":6},"minecraft:picked_up":{"born_in_chaos_v1:corpse_maggot":2,"minecraft:crafting_table":1,"minecraft:dirt":10,"minecraft:bone":2,"minecraft:blue_orchid":1,"minecraft:wheat_seeds":3,"minecraft:iron_ingot":6,"minecraft:gray_bed":1,"minecraft:quartz_stairs":1,"minecraft:stick":20,"minecraft:sweet_berries":13,"minecraft:quartz_pillar":4,"minecraft:dark_oak_log":64,"minecraft:brick_slab":1,"minecraft:dark_oak_planks":6,"minecraft:quartz_bricks":10,"minecraft:arrow":1,"waystones:waystone":1,"minecraft:baked_potato":8,"minecraft:coal":1,"minecraft:cobblestone":1},"minecraft:killed":{"minecraft:iron_golem":2,"born_in_chaos_v1:decrepit_skeleton":1,"minecraft:skeleton":1,"born_in_chaos_v1:decaying_zombie":1,"born_in_chaos_v1:corpse_fly":1},"minecraft:used":{"minecraft:quartz_bricks":9,"minecraft:water_bucket":2,"minecraft:baked_potato":7,"minecraft:stone":2,"spartanweaponry:iron_boomerang":5,"minecraft:dirt":6,"minecraft:crafting_table":1,"minecraft:obsidian":7,"minecraft:dark_oak_planks":105,"minecraft:iron_axe":30,"minecraft:bread":6,"minecraft:iron_pickaxe":13,"minecraft:sweet_berries":7,"minecraft:bucket":3,"minecraft:tropical_fish_bucket":1},"minecraft:dropped":{"minecraft:quartz_bricks":1,"minecraft:stick":2,"minecraft:dirt":4,"minecraft:blue_orchid":1},"minecraft:crafted":{"minecraft:crafting_table":1,"minecraft:iron_axe":1,"minecraft:stick":4,"minecraft:iron_pickaxe":1,"minecraft:dark_oak_planks":256},"minecraft:custom":{"minecraft:interact_with_furnace":1,"minecraft:mob_kills":6,"minecraft:interact_with_crafting_table":2,"minecraft:open_barrel":3,"minecraft:damage_dealt_resisted":0,"minecraft:eat_cake_slice":2,"minecraft:leave_game":1,"minecraft:time_since_death":4071,"minecraft:sleep_in_bed":1,"minecraft:climb_one_cm":734,"minecraft:damage_resisted":0,"minecraft:time_since_rest":4118,"minecraft:waystone_activated":1,"minecraft:sprint_one_cm":93848,"minecraft:damage_taken":2269,"minecraft:walk_one_cm":46168,"minecraft:drop":5,"minecraft:damage_dealt":2837,"minecraft:swim_one_cm":46819,"minecraft:fly_one_cm":83751,"minecraft:open_chest":25,"minecraft:crouch_one_cm":5939,"minecraft:play_time":31531,"minecraft:deaths":6,"minecraft:sneak_time":4066,"minecraft:walk_under_water_one_cm":6298,"minecraft:jump":557,"minecraft:walk_on_water_one_cm":5741,"minecraft:total_world_time":31531,"minecraft:fall_one_cm":16665}},"DataVersion":3465}