{"stats":{"minecraft:killed_by":{"minecraft:player":2,"born_in_chaos_v1:nightmare_stalker":1,"minecraft:skeleton":1},"minecraft:mined":{"minecraft:dark_oak_planks":3,"minecraft:large_fern":18,"dynamictrees:oak_undergrowth_leaves":3,"minecraft:sweet_berry_bush":5,"minecraft:gray_bed":1,"minecraft:quartz_pillar":1,"minecraft:crafting_table":1,"dynamictrees:dark_oak_root":1,"minecraft:smooth_stone_slab":1,"minecraft:grass":8,"biomesoplenty:bush":9,"minecraft:grass_block":3,"minecraft:dirt":4,"minecraft:deepslate_coal_ore":1,"minecraft:fern":6},"minecraft:picked_up":{"minecraft:crafting_table":1,"minecraft:stick":20,"minecraft:sweet_berries":12,"minecraft:quartz_pillar":4,"minecraft:dark_oak_log":64,"minecraft:dirt":7,"minecraft:dark_oak_planks":3,"minecraft:quartz_bricks":8,"minecraft:arrow":1,"minecraft:wheat_seeds":3,"waystones:waystone":1,"minecraft:iron_ingot":6,"minecraft:gray_bed":1,"minecraft:coal":1},"minecraft:killed":{"minecraft:skeleton":1,"minecraft:iron_golem":2},"minecraft:used":{"minecraft:quartz_bricks":8,"minecraft:dark_oak_planks":16,"minecraft:water_bucket":1,"minecraft:iron_axe":16,"minecraft:bread":3,"minecraft:iron_pickaxe":3,"minecraft:baked_potato":5,"spartanweaponry:iron_boomerang":2,"minecraft:dirt":4,"minecraft:crafting_table":1,"minecraft:sweet_berries":7,"minecraft:bucket":2,"minecraft:tropical_fish_bucket":1},"minecraft:dropped":{"minecraft:stick":2},"minecraft:crafted":{"minecraft:iron_axe":1,"minecraft:crafting_table":1,"minecraft:stick":4,"minecraft:iron_pickaxe":1,"minecraft:dark_oak_planks":256},"minecraft:custom":{"minecraft:time_since_rest":2970,"minecraft:waystone_activated":1,"minecraft:sprint_one_cm":63674,"minecraft:damage_taken":1464,"minecraft:walk_one_cm":24999,"minecraft:mob_kills":3,"minecraft:drop":1,"minecraft:damage_dealt":2158,"minecraft:swim_one_cm":29903,"minecraft:interact_with_crafting_table":2,"minecraft:fly_one_cm":57237,"minecraft:open_chest":17,"minecraft:crouch_one_cm":3869,"minecraft:play_time":19531,"minecraft:deaths":4,"minecraft:sneak_time":2522,"minecraft:walk_under_water_one_cm":4676,"minecraft:jump":345,"minecraft:damage_dealt_resisted":0,"minecraft:eat_cake_slice":2,"minecraft:leave_game":1,"minecraft:time_since_death":2946,"minecraft:walk_on_water_one_cm":3070,"minecraft:total_world_time":19531,"minecraft:climb_one_cm":164,"minecraft:fall_one_cm":9581}},"DataVersion":3465}