{"stats":{"minecraft:killed_by":{"minecraft:skeleton":1,"born_in_chaos_v1:nightmare_stalker":1},"minecraft:mined":{"minecraft:large_fern":17,"minecraft:grass":4,"biomesoplenty:bush":5,"minecraft:grass_block":2,"dynamictrees:oak_undergrowth_leaves":3,"minecraft:dirt":4,"minecraft:sweet_berry_bush":5,"minecraft:gray_bed":1,"minecraft:fern":6},"minecraft:picked_up":{"minecraft:stick":2,"minecraft:arrow":1,"minecraft:sweet_berries":12,"minecraft:wheat_seeds":3,"minecraft:gray_bed":1,"minecraft:dirt":6},"minecraft:used":{"minecraft:dirt":4,"minecraft:sweet_berries":7},"minecraft:killed":{"minecraft:skeleton":1},"minecraft:custom":{"minecraft:open_chest":3,"minecraft:time_since_rest":4053,"minecraft:crouch_one_cm":1057,"minecraft:sprint_one_cm":26278,"minecraft:play_time":7531,"minecraft:deaths":2,"minecraft:damage_taken":708,"minecraft:walk_one_cm":12172,"minecraft:sneak_time":393,"minecraft:walk_under_water_one_cm":389,"minecraft:mob_kills":1,"minecraft:jump":113,"minecraft:damage_dealt":139,"minecraft:leave_game":1,"minecraft:walk_on_water_one_cm":1007,"minecraft:time_since_death":4040,"minecraft:climb_one_cm":164,"minecraft:total_world_time":7531,"minecraft:swim_one_cm":5068,"minecraft:fall_one_cm":1937,"minecraft:fly_one_cm":21493}},"DataVersion":3465}