{"stats":{"minecraft:killed_by":{"minecraft:player":7,"born_in_chaos_v1:nightmare_stalker":1,"minecraft:skeleton":1,"minecraft:creeper":1},"minecraft:mined":{"minecraft:podzol":1,"minecraft:dark_oak_planks":7,"dtbop:redwood_root":6,"born_in_chaos_v1:marigolds":2,"minecraft:quartz_stairs":1,"minecraft:kelp_plant":3,"minecraft:crafting_table":1,"minecraft:cyan_stained_glass_pane":5,"biomesoplenty:bush":14,"minecraft:grass_block":4,"minecraft:chest":1,"minecraft:white_stained_glass_pane":1,"minecraft:brick_stairs":1,"biomesoplenty:high_grass_plant":13,"minecraft:tall_grass":4,"minecraft:deepslate_coal_ore":1,"minecraft:quartz_bricks":12,"minecraft:large_fern":24,"minecraft:brick_slab":1,"dynamictrees:oak_undergrowth_leaves":22,"minecraft:sweet_berry_bush":5,"minecraft:gray_bed":1,"minecraft:quartz_pillar":1,"dynamictrees:dark_oak_root":1,"minecraft:smooth_stone_slab":1,"minecraft:grass":20,"biomesoplenty:clover":4,"biomesoplenty:high_grass":3,"minecraft:gravel":43,"minecraft:dirt":15,"minecraft:cracked_stone_bricks":1,"minecraft:stone_bricks":1,"minecraft:blue_orchid":1,"minecraft:stone":2,"minecraft:netherrack":1,"minecraft:fern":14},"minecraft:picked_up":{"biomesoplenty:redwood_log":126,"born_in_chaos_v1:corpse_maggot":2,"minecraft:crafting_table":1,"minecraft:dark_oak_boat":2,"minecraft:flint":2,"iceandfire:ectoplasm":1,"minecraft:dirt":14,"born_in_chaos_v1:marigolds":4,"minecraft:bone":3,"minecraft:blue_orchid":1,"minecraft:cracked_stone_bricks":2,"minecraft:wheat_seeds":5,"minecraft:iron_ingot":7,"minecraft:gray_bed":2,"minecraft:quartz_stairs":1,"minecraft:chest":1,"minecraft:stick":26,"minecraft:sweet_berries":13,"minecraft:gravel":41,"minecraft:quartz_pillar":4,"minecraft:dark_oak_log":111,"minecraft:brick_slab":1,"minecraft:dark_oak_planks":10,"minecraft:quartz_bricks":10,"minecraft:arrow":1,"minecraft:rotten_flesh":1,"waystones:waystone":1,"minecraft:baked_potato":8,"minecraft:netherrack":2,"minecraft:coal":1,"minecraft:cobblestone":1},"minecraft:killed":{"minecraft:iron_golem":2,"born_in_chaos_v1:decrepit_skeleton":1,"minecraft:skeleton":2,"born_in_chaos_v1:decaying_zombie":1,"minecraft:zombie":3,"iceandfire:ghost":2,"born_in_chaos_v1:corpse_fly":1,"born_in_chaos_v1:corpse_fish":1,"minecraft:villager":1},"minecraft:used":{"minecraft:quartz_bricks":9,"minecraft:water_bucket":96,"biomesoplenty:redwood_planks":72,"minecraft:baked_potato":15,"minecraft:chest":3,"minecraft:stone":2,"spartanweaponry:iron_boomerang":37,"minecraft:cracked_stone_bricks":1,"minecraft:dirt":8,"minecraft:crafting_table":3,"minecraft:obsidian":7,"waystones:waystone":1,"minecraft:dark_oak_planks":139,"easy_villagers:villager":2,"minecraft:iron_axe":144,"minecraft:bread":8,"minecraft:iron_pickaxe":30,"minecraft:gravel":30,"minecraft:dark_oak_boat":1,"minecraft:sweet_berries":7,"minecraft:gray_bed":2,"minecraft:bucket":97,"minecraft:tropical_fish_bucket":1},"minecraft:crafted":{"minecraft:emerald":16,"minecraft:crafting_table":2,"biomesoplenty:redwood_planks":448,"minecraft:air":0,"minecraft:iron_axe":1,"minecraft:stick":516,"minecraft:iron_pickaxe":1,"minecraft:chest":2,"minecraft:dark_oak_planks":256},"minecraft:dropped":{"minecraft:iron_ingot":1,"minecraft:wheat_seeds":2,"spartanweaponry:iron_boomerang":2,"minecraft:rotten_flesh":1,"iceandfire:ectoplasm":1,"minecraft:cracked_stone_bricks":1,"minecraft:quartz_bricks":1,"minecraft:stick":8,"minecraft:emerald":16,"minecraft:flint":2,"minecraft:dirt":6,"minecraft:dark_oak_log":47,"minecraft:blue_orchid":1,"minecraft:dark_oak_planks":3,"born_in_chaos_v1:marigolds":2,"minecraft:netherrack":2,"minecraft:bone":2,"minecraft:gravel":11},"minecraft:custom":{"minecraft:interact_with_furnace":1,"minecraft:mob_kills":14,"minecraft:traded_with_villager":16,"minecraft:interact_with_crafting_table":4,"minecraft:open_barrel":3,"minecraft:damage_dealt_resisted":0,"minecraft:eat_cake_slice":2,"minecraft:leave_game":1,"minecraft:time_since_death":17220,"minecraft:sleep_in_bed":1,"minecraft:climb_one_cm":1370,"minecraft:damage_resisted":0,"minecraft:time_since_rest":17251,"minecraft:waystone_activated":2,"minecraft:sprint_one_cm":157541,"minecraft:damage_taken":3978,"minecraft:walk_one_cm":95412,"minecraft:drop":51,"minecraft:damage_dealt":5486,"minecraft:talked_to_villager":4,"minecraft:swim_one_cm":81452,"minecraft:player_kills":3,"minecraft:fly_one_cm":161915,"minecraft:open_chest":32,"minecraft:crouch_one_cm":12731,"minecraft:play_time":67531,"minecraft:deaths":10,"minecraft:sneak_time":7441,"minecraft:walk_under_water_one_cm":13947,"minecraft:boat_one_cm":45246,"minecraft:jump":1156,"minecraft:walk_on_water_one_cm":10730,"minecraft:total_world_time":67531,"minecraft:fall_one_cm":34075}},"DataVersion":3465}