{"stats":{"minecraft:broken":{"minecraft:leather_helmet":1,"minecraft:golden_sword":1},"minecraft:killed_by":{"minecraft:player":1,"born_in_chaos_v1:door_knight":1},"minecraft:mined":{"biomesoplenty:bush":4,"minecraft:grass_block":10,"minecraft:lectern":1,"biomesoplenty:high_grass_plant":3,"minecraft:large_fern":1,"minecraft:grass":4,"minecraft:bookshelf":22,"minecraft:dirt":2,"minecraft:cobweb":1},"minecraft:picked_up":{"minecraft:fishing_rod":1,"born_in_chaos_v1:sweet_axe":1,"minecraft:chainmail_chestplate":1,"born_in_chaos_v1:holiday_candy":1,"minecraft:dirt":12,"minecraft:string":1,"minecraft:lantern":3,"minecraft:bone":1,"minecraft:blue_orchid":1,"minecraft:wheat_seeds":2,"mysticalagriculture:inferium_essence":4,"minecraft:bucket":2,"minecraft:iron_ingot":7,"minecraft:poppy":1,"minecraft:lectern":1,"minecraft:spruce_trapdoor":1,"minecraft:book":65,"minecraft:stick":4,"minecraft:glow_item_frame":2,"minecraft:porkchop":3,"minecraft:spruce_door":1,"minecraft:rotten_flesh":5,"born_in_chaos_v1:rotten_fish":1,"minecraft:cod":3},"minecraft:killed":{"minecraft:pig":1,"minecraft:cod":3,"minecraft:sheep":1,"minecraft:zombie":1,"born_in_chaos_v1:door_knight":1},"minecraft:used":{"minecraft:water_bucket":1,"born_in_chaos_v1:sweet_axe":24,"minecraft:iron_sword":66,"spartanweaponry:iron_boomerang":2,"minecraft:clay":2,"minecraft:dirt":9,"minecraft:cod_bucket":3,"minecraft:obsidian":2,"minecraft:blue_orchid":1,"minecraft:bread":15,"minecraft:string":1,"minecraft:spruce_trapdoor":1,"minecraft:golden_sword":33,"minecraft:cooked_porkchop":2,"minecraft:porkchop":3,"minecraft:bucket":2,"minecraft:tropical_fish_bucket":4},"minecraft:dropped":{"minecraft:iron_ingot":6,"minecraft:wheat_seeds":2,"spartanweaponry:iron_boomerang":1,"minecraft:baked_potato":8,"minecraft:glow_item_frame":2,"minecraft:lantern":3,"minecraft:spruce_door":1,"minecraft:leather_chestplate":1,"minecraft:dirt":2,"mysticalagriculture:inferium_essence":2,"minecraft:bucket":1,"minecraft:bone":1},"minecraft:crafted":{"minecraft:cooked_beef":1,"minecraft:air":0,"minecraft:flint_and_steel":1},"minecraft:custom":{"minecraft:mob_kills":7,"minecraft:open_barrel":6,"minecraft:damage_dealt_resisted":967,"minecraft:eat_cake_slice":5,"minecraft:leave_game":3,"minecraft:time_since_death":501,"minecraft:sleep_in_bed":2,"minecraft:climb_one_cm":1675,"minecraft:time_since_rest":525,"minecraft:sprint_one_cm":72474,"minecraft:damage_taken":1570,"minecraft:walk_one_cm":84662,"minecraft:drop":23,"minecraft:damage_dealt":2465,"minecraft:swim_one_cm":33982,"minecraft:talked_to_villager":1,"minecraft:fly_one_cm":93263,"minecraft:player_kills":4,"minecraft:open_chest":34,"minecraft:crouch_one_cm":1871,"minecraft:play_time":33673,"minecraft:deaths":2,"minecraft:sneak_time":1722,"minecraft:walk_under_water_one_cm":5206,"minecraft:jump":567,"minecraft:walk_on_water_one_cm":12252,"minecraft:total_world_time":33673,"minecraft:interact_with_smoker":3,"minecraft:fall_one_cm":17680}},"DataVersion":3465}