{"stats":{"minecraft:broken":{"minecraft:golden_sword":1},"minecraft:killed_by":{"born_in_chaos_v1:door_knight":1},"minecraft:mined":{"minecraft:grass":1,"biomesoplenty:bush":3,"minecraft:grass_block":2,"minecraft:dirt":2,"minecraft:cobweb":1},"minecraft:picked_up":{"minecraft:fishing_rod":1,"minecraft:stick":4,"minecraft:glow_item_frame":2,"minecraft:porkchop":3,"minecraft:chainmail_chestplate":1,"minecraft:string":1,"minecraft:dirt":4,"minecraft:spruce_door":1,"minecraft:rotten_flesh":3,"mysticalagriculture:inferium_essence":1,"minecraft:bucket":2,"minecraft:iron_ingot":7,"minecraft:poppy":1,"born_in_chaos_v1:rotten_fish":1,"minecraft:spruce_trapdoor":1},"minecraft:killed":{"minecraft:pig":1,"born_in_chaos_v1:door_knight":1},"minecraft:used":{"minecraft:bread":13,"minecraft:iron_sword":43,"minecraft:spruce_trapdoor":1,"minecraft:golden_sword":33,"minecraft:dirt":3,"minecraft:porkchop":3,"minecraft:obsidian":2},"minecraft:dropped":{"minecraft:iron_ingot":6,"minecraft:glow_item_frame":2,"minecraft:spruce_door":1,"minecraft:bucket":1},"minecraft:custom":{"minecraft:time_since_rest":17550,"minecraft:sprint_one_cm":49083,"minecraft:damage_taken":1033,"minecraft:walk_one_cm":57511,"minecraft:mob_kills":2,"minecraft:drop":6,"minecraft:damage_dealt":1486,"minecraft:swim_one_cm":33542,"minecraft:talked_to_villager":1,"minecraft:fly_one_cm":67630,"minecraft:player_kills":2,"minecraft:open_chest":21,"minecraft:crouch_one_cm":1449,"minecraft:play_time":20476,"minecraft:deaths":1,"minecraft:sneak_time":1296,"minecraft:walk_under_water_one_cm":4299,"minecraft:damage_dealt_resisted":967,"minecraft:jump":410,"minecraft:eat_cake_slice":4,"minecraft:leave_game":2,"minecraft:walk_on_water_one_cm":11240,"minecraft:time_since_death":17543,"minecraft:sleep_in_bed":1,"minecraft:climb_one_cm":540,"minecraft:total_world_time":20476,"minecraft:fall_one_cm":13091}},"DataVersion":3465}