{"stats":{"minecraft:broken":{"minecraft:leather_helmet":1,"minecraft:golden_sword":1,"minecraft:golden_boots":1,"minecraft:golden_leggings":1},"minecraft:killed_by":{"minecraft:player":3,"born_in_chaos_v1:door_knight":1},"minecraft:mined":{"minecraft:podzol":4,"dtbop:redwood_root":2,"biomesoplenty:bush":9,"minecraft:grass_block":11,"minecraft:lectern":1,"biomesoplenty:high_grass_plant":3,"minecraft:tall_grass":1,"minecraft:large_fern":1,"dynamictrees:oak_undergrowth_leaves":3,"minecraft:gray_bed":1,"minecraft:grass":6,"minecraft:bookshelf":23,"minecraft:dirt":6,"minecraft:cobweb":1,"minecraft:fern":5},"minecraft:picked_up":{"minecraft:fishing_rod":1,"minecraft:lead":2,"born_in_chaos_v1:sweet_axe":1,"minecraft:flint":2,"minecraft:chainmail_chestplate":1,"iceandfire:ectoplasm":2,"born_in_chaos_v1:holiday_candy":4,"minecraft:string":1,"minecraft:dirt":23,"minecraft:lantern":3,"minecraft:bone":1,"minecraft:blue_orchid":1,"minecraft:wheat_seeds":5,"mysticalagriculture:inferium_essence":11,"minecraft:bucket":2,"minecraft:iron_ingot":7,"minecraft:poppy":1,"minecraft:lectern":1,"minecraft:spruce_trapdoor":1,"minecraft:book":68,"minecraft:stick":16,"apotheosis:gem":1,"minecraft:glow_item_frame":2,"minecraft:gravel":11,"minecraft:porkchop":3,"minecraft:dark_oak_log":47,"minecraft:spruce_door":1,"easy_villagers:villager":1,"minecraft:rotten_flesh":7,"minecraft:emerald":16,"born_in_chaos_v1:rotten_fish":1,"minecraft:mutton":2,"minecraft:cod":4,"minecraft:white_wool":1},"minecraft:killed":{"born_in_chaos_v1:mr_pumpkin":1,"minecraft:pig":1,"minecraft:spider":1,"minecraft:cod":4,"minecraft:sheep":2,"minecraft:zombie":3,"iceandfire:ghost":1,"born_in_chaos_v1:corpse_fly":1,"born_in_chaos_v1:door_knight":1},"minecraft:used":{"minecraft:cooked_mutton":1,"minecraft:water_bucket":3,"born_in_chaos_v1:sweet_axe":46,"minecraft:iron_sword":123,"minecraft:fletching_table":1,"spartanweaponry:iron_boomerang":2,"minecraft:clay":2,"minecraft:dirt":18,"minecraft:cod_bucket":4,"minecraft:obsidian":2,"easy_villagers:villager":2,"minecraft:bookshelf":1,"minecraft:blue_orchid":1,"minecraft:bread":27,"minecraft:string":1,"minecraft:lectern":1,"minecraft:spruce_trapdoor":1,"minecraft:golden_sword":33,"minecraft:cooked_porkchop":2,"minecraft:porkchop":3,"minecraft:bucket":4,"minecraft:tropical_fish_bucket":4},"minecraft:dropped":{"minecraft:iron_ingot":6,"minecraft:wheat_seeds":5,"spartanweaponry:iron_boomerang":1,"minecraft:baked_potato":8,"born_in_chaos_v1:rotten_fish":1,"born_in_chaos_v1:holiday_candy":2,"minecraft:lead":2,"minecraft:rotten_flesh":2,"minecraft:glow_item_frame":2,"minecraft:lantern":3,"iceandfire:ectoplasm":1,"minecraft:spruce_door":1,"vampirism:amulet":1,"minecraft:dirt":2,"minecraft:leather_chestplate":1,"mysticalagriculture:inferium_essence":6,"easy_villagers:villager":1,"minecraft:dark_oak_planks":3,"minecraft:dark_oak_boat":1,"minecraft:bucket":1,"minecraft:black_wool":3,"minecraft:bone":1},"minecraft:crafted":{"minecraft:cooked_beef":1,"minecraft:arrow":16,"minecraft:dark_oak_boat":1,"minecraft:fletching_table":1,"minecraft:bookshelf":1,"minecraft:air":0,"minecraft:flint_and_steel":1,"minecraft:dark_oak_planks":12},"minecraft:custom":{"minecraft:mob_kills":15,"minecraft:traded_with_villager":2,"minecraft:interact_with_crafting_table":4,"minecraft:open_barrel":6,"minecraft:damage_dealt_resisted":967,"minecraft:eat_cake_slice":6,"minecraft:leave_game":3,"minecraft:time_since_death":17017,"minecraft:sleep_in_bed":3,"minecraft:damage_resisted":0,"minecraft:climb_one_cm":1675,"minecraft:time_since_rest":5811,"minecraft:waystone_activated":1,"minecraft:sprint_one_cm":104088,"minecraft:damage_taken":2807,"minecraft:walk_one_cm":127243,"minecraft:drop":41,"minecraft:damage_dealt":4537,"minecraft:swim_one_cm":80668,"minecraft:talked_to_villager":11,"minecraft:fly_one_cm":164306,"minecraft:player_kills":7,"minecraft:open_chest":43,"minecraft:crouch_one_cm":2293,"minecraft:play_time":64615,"minecraft:deaths":4,"minecraft:sneak_time":1982,"minecraft:walk_under_water_one_cm":8632,"minecraft:boat_one_cm":46274,"minecraft:jump":933,"minecraft:walk_on_water_one_cm":19477,"minecraft:interact_with_smoker":3,"minecraft:total_world_time":64615,"minecraft:fall_one_cm":23373}},"DataVersion":3465}