{"stats":{"minecraft:broken":{"minecraft:leather_helmet":1,"minecraft:golden_boots":1,"minecraft:golden_leggings":1,"minecraft:stone_pickaxe":1,"minecraft:golden_sword":1,"minecraft:iron_axe":1,"minecraft:stone_shovel":2},"minecraft:killed_by":{"minecraft:player":5,"born_in_chaos_v1:door_knight":1},"minecraft:mined":{"iceandfire:silver_ore":4,"minecraft:granite":28,"biomesoplenty:bush":9,"minecraft:grass_block":11,"mysticalagriculture:inferium_ore":6,"minecraft:large_fern":1,"dynamictrees:oak_undergrowth_leaves":5,"minecraft:iron_ore":15,"minecraft:fletching_table":2,"minecraft:bookshelf":23,"biomesoplenty:redwood_log":1,"minecraft:stone":171,"minecraft:white_wool":1,"minecraft:podzol":9,"biomesoplenty:redwood_planks":3,"dtbop:redwood_root":4,"minecraft:lectern":1,"biomesoplenty:high_grass_plant":3,"minecraft:tall_grass":1,"minecraft:diorite":3,"minecraft:wall_torch":9,"minecraft:gray_bed":1,"minecraft:grass":6,"minecraft:coal_ore":25,"minecraft:gravel":370,"minecraft:birch_button":2,"minecraft:dirt":15,"minecraft:cobweb":1,"minecraft:fern":11},"minecraft:picked_up":{"biomesoplenty:redwood_log":859,"minecraft:fishing_rod":1,"minecraft:lead":2,"minecraft:birch_button":2,"born_in_chaos_v1:holiday_candy":4,"minecraft:string":1,"minecraft:iron_axe":1,"minecraft:blue_orchid":1,"mysticalagriculture:inferium_essence":29,"minecraft:bucket":2,"minecraft:lectern":1,"minecraft:poppy":1,"dynamictrees:oak_seed":2,"minecraft:spruce_trapdoor":1,"minecraft:stick":110,"minecraft:raw_iron":15,"apotheosis:gem":1,"minecraft:glow_item_frame":2,"minecraft:torch":68,"minecraft:porkchop":3,"minecraft:diorite":3,"born_in_chaos_v1:nightmare_claw":2,"born_in_chaos_v1:pieceofdarkmetal":5,"easy_villagers:villager":5,"biomesoplenty:redwood_planks":3,"minecraft:rotten_flesh":7,"minecraft:mutton":2,"minecraft:cobblestone":171,"minecraft:cod":4,"minecraft:white_wool":1,"born_in_chaos_v1:monster_flesh":3,"born_in_chaos_v1:sweet_axe":1,"minecraft:birch_planks":23,"minecraft:flint":50,"minecraft:oak_log":2,"minecraft:chainmail_chestplate":1,"iceandfire:ectoplasm":2,"minecraft:dirt":37,"minecraft:lantern":3,"born_in_chaos_v1:monster_skin":3,"minecraft:bone":1,"minecraft:wheat_seeds":6,"minecraft:iron_ingot":7,"minecraft:fletching_table":2,"minecraft:book":68,"born_in_chaos_v1:ethereal_spirit":2,"dtbop:redwood_seed":3,"minecraft:gravel":338,"minecraft:dark_oak_log":47,"minecraft:spruce_door":1,"minecraft:granite":28,"minecraft:emerald":16,"born_in_chaos_v1:rotten_fish":1,"minecraft:coal":25,"iceandfire:raw_silver":4},"minecraft:used":{"minecraft:stone_shovel":366,"minecraft:chest":4,"born_in_chaos_v1:sweet_axe":48,"minecraft:iron_sword":168,"minecraft:torch":70,"minecraft:dirt":20,"minecraft:chainmail_chestplate":1,"minecraft:cod_bucket":4,"minecraft:granite":28,"biomesoplenty:redwood_log":1,"minecraft:obsidian":2,"minecraft:bookshelf":1,"minecraft:iron_axe":5,"minecraft:blue_orchid":1,"minecraft:birch_button":3,"minecraft:golden_sword":33,"biomesoplenty:redwood_button":2,"minecraft:cooked_mutton":1,"minecraft:water_bucket":189,"minecraft:diorite":3,"minecraft:stone_pickaxe":244,"minecraft:baked_potato":13,"minecraft:wooden_pickaxe":11,"minecraft:clay":2,"minecraft:fletching_table":3,"spartanweaponry:iron_boomerang":2,"minecraft:white_wool":1,"minecraft:smoker":1,"easy_villagers:villager":9,"minecraft:bread":32,"minecraft:string":1,"minecraft:lectern":1,"minecraft:spruce_trapdoor":1,"minecraft:gravel":310,"minecraft:stone_axe":23,"minecraft:cobblestone":2,"minecraft:porkchop":3,"minecraft:cooked_porkchop":2,"minecraft:bucket":190,"minecraft:tropical_fish_bucket":4},"minecraft:killed":{"born_in_chaos_v1:mr_pumpkin":1,"minecraft:spider":1,"minecraft:cod":4,"minecraft:pig":1,"minecraft:sheep":2,"minecraft:zombie":3,"iceandfire:ghost":1,"born_in_chaos_v1:corpse_fly":1,"born_in_chaos_v1:nightmare_stalker":2,"born_in_chaos_v1:door_knight":1},"minecraft:crafted":{"minecraft:oak_planks":8,"minecraft:stone_shovel":1,"minecraft:dark_oak_boat":1,"minecraft:furnace":1,"cyclic:crafting_stick":1,"minecraft:bookshelf":1,"patchouli:guide_book":1,"minecraft:cooked_mutton":2,"minecraft:flint_and_steel":1,"minecraft:stone_pickaxe":2,"minecraft:chest":4,"minecraft:birch_button":1,"minecraft:dark_oak_planks":12,"minecraft:smoker":1,"minecraft:cooked_beef":1,"minecraft:cooked_cod":6,"minecraft:arrow":16,"minecraft:emerald":64,"minecraft:crafting_table":1,"biomesoplenty:redwood_planks":1040,"minecraft:wooden_pickaxe":1,"minecraft:cooked_salmon":3,"minecraft:fletching_table":1,"minecraft:stone_axe":1,"minecraft:air":0,"biomesoplenty:redwood_button":2,"minecraft:stick":2064,"minecraft:iron_ingot":7,"minecraft:torch":4},"minecraft:dropped":{"minecraft:iron_ingot":6,"minecraft:wheat_seeds":6,"minecraft:baked_potato":8,"spartanweaponry:iron_boomerang":1,"born_in_chaos_v1:holiday_candy":2,"minecraft:lead":2,"minecraft:glow_item_frame":2,"minecraft:lantern":3,"iceandfire:ectoplasm":1,"minecraft:spruce_door":1,"vampirism:amulet":1,"minecraft:dirt":2,"minecraft:dark_oak_planks":3,"minecraft:dark_oak_boat":1,"minecraft:bucket":2,"minecraft:bone":1,"minecraft:raw_iron":7,"born_in_chaos_v1:rotten_fish":1,"minecraft:rotten_flesh":2,"minecraft:leather_chestplate":1,"mysticalagriculture:inferium_essence":6,"easy_villagers:villager":3,"minecraft:black_wool":3},"minecraft:custom":{"minecraft:mob_kills":17,"minecraft:interact_with_crafting_table":21,"minecraft:open_barrel":6,"minecraft:damage_dealt_resisted":967,"minecraft:eat_cake_slice":6,"minecraft:leave_game":5,"minecraft:time_since_death":11919,"minecraft:climb_one_cm":1675,"minecraft:damage_resisted":0,"minecraft:sprint_one_cm":150750,"minecraft:walk_one_cm":224404,"minecraft:drop":46,"minecraft:talked_to_villager":40,"minecraft:play_time":153429,"minecraft:deaths":6,"minecraft:sneak_time":4287,"minecraft:walk_under_water_one_cm":47641,"minecraft:boat_one_cm":46274,"minecraft:jump":1640,"minecraft:walk_on_water_one_cm":83226,"minecraft:total_world_time":153429,"minecraft:interact_with_furnace":4,"minecraft:traded_with_villager":66,"minecraft:sleep_in_bed":5,"minecraft:time_since_rest":11958,"minecraft:waystone_activated":1,"minecraft:damage_taken":4031,"minecraft:damage_dealt":6232,"minecraft:swim_one_cm":120127,"minecraft:fly_one_cm":183788,"minecraft:player_kills":8,"minecraft:open_chest":96,"minecraft:crouch_one_cm":3752,"minecraft:interact_with_smoker":11,"minecraft:fall_one_cm":26524}},"DataVersion":3465}