{"stats":{"minecraft:broken":{"minecraft:leather_helmet":1,"minecraft:golden_sword":1},"minecraft:killed_by":{"minecraft:player":1,"born_in_chaos_v1:door_knight":1},"minecraft:mined":{"biomesoplenty:bush":4,"minecraft:grass_block":11,"minecraft:lectern":1,"biomesoplenty:high_grass_plant":3,"minecraft:tall_grass":1,"minecraft:large_fern":1,"minecraft:grass":4,"minecraft:bookshelf":22,"minecraft:dirt":4,"minecraft:cobweb":1},"minecraft:picked_up":{"minecraft:fishing_rod":1,"minecraft:lead":1,"born_in_chaos_v1:sweet_axe":1,"minecraft:chainmail_chestplate":1,"born_in_chaos_v1:holiday_candy":4,"minecraft:string":1,"minecraft:dirt":15,"minecraft:lantern":3,"minecraft:bone":1,"minecraft:blue_orchid":1,"minecraft:wheat_seeds":3,"mysticalagriculture:inferium_essence":4,"minecraft:bucket":2,"minecraft:iron_ingot":7,"minecraft:poppy":1,"minecraft:lectern":1,"minecraft:spruce_trapdoor":1,"minecraft:book":65,"minecraft:stick":4,"apotheosis:gem":1,"minecraft:glow_item_frame":2,"minecraft:porkchop":3,"minecraft:spruce_door":1,"minecraft:rotten_flesh":7,"born_in_chaos_v1:rotten_fish":1,"minecraft:cod":3},"minecraft:killed":{"born_in_chaos_v1:mr_pumpkin":1,"minecraft:pig":1,"minecraft:cod":3,"minecraft:sheep":1,"minecraft:zombie":3,"born_in_chaos_v1:door_knight":1},"minecraft:used":{"minecraft:water_bucket":1,"born_in_chaos_v1:sweet_axe":24,"minecraft:iron_sword":81,"spartanweaponry:iron_boomerang":2,"minecraft:clay":2,"minecraft:dirt":12,"minecraft:cod_bucket":3,"minecraft:obsidian":2,"minecraft:blue_orchid":1,"minecraft:bread":21,"minecraft:string":1,"minecraft:spruce_trapdoor":1,"minecraft:golden_sword":33,"minecraft:cooked_porkchop":2,"minecraft:porkchop":3,"minecraft:bucket":2,"minecraft:tropical_fish_bucket":4},"minecraft:dropped":{"minecraft:iron_ingot":6,"minecraft:wheat_seeds":3,"spartanweaponry:iron_boomerang":1,"minecraft:baked_potato":8,"born_in_chaos_v1:holiday_candy":2,"minecraft:rotten_flesh":2,"minecraft:glow_item_frame":2,"minecraft:lantern":3,"minecraft:spruce_door":1,"minecraft:dirt":2,"minecraft:leather_chestplate":1,"mysticalagriculture:inferium_essence":2,"minecraft:bucket":1,"minecraft:black_wool":3,"minecraft:bone":1},"minecraft:crafted":{"minecraft:cooked_beef":1,"minecraft:air":0,"minecraft:flint_and_steel":1},"minecraft:custom":{"minecraft:mob_kills":10,"minecraft:open_barrel":6,"minecraft:damage_dealt_resisted":967,"minecraft:eat_cake_slice":6,"minecraft:leave_game":3,"minecraft:time_since_death":7443,"minecraft:sleep_in_bed":2,"minecraft:damage_resisted":0,"minecraft:climb_one_cm":1675,"minecraft:time_since_rest":7467,"minecraft:sprint_one_cm":84677,"minecraft:damage_taken":1890,"minecraft:walk_one_cm":95073,"minecraft:drop":30,"minecraft:damage_dealt":3044,"minecraft:swim_one_cm":79327,"minecraft:talked_to_villager":1,"minecraft:fly_one_cm":120231,"minecraft:player_kills":4,"minecraft:open_chest":38,"minecraft:crouch_one_cm":1871,"minecraft:play_time":40615,"minecraft:deaths":2,"minecraft:sneak_time":1736,"minecraft:walk_under_water_one_cm":7641,"minecraft:jump":695,"minecraft:walk_on_water_one_cm":16902,"minecraft:interact_with_smoker":3,"minecraft:total_world_time":40615,"minecraft:fall_one_cm":20264}},"DataVersion":3465}