{"stats":{"minecraft:broken":{"minecraft:leather_helmet":1,"minecraft:golden_boots":1,"minecraft:golden_leggings":1,"minecraft:golden_sword":1,"minecraft:iron_axe":1},"minecraft:killed_by":{"minecraft:player":3,"born_in_chaos_v1:door_knight":1},"minecraft:mined":{"minecraft:granite":20,"biomesoplenty:bush":9,"minecraft:grass_block":11,"minecraft:large_fern":1,"dynamictrees:oak_undergrowth_leaves":4,"minecraft:bookshelf":23,"biomesoplenty:redwood_log":1,"minecraft:stone":69,"minecraft:white_wool":1,"minecraft:podzol":8,"biomesoplenty:redwood_planks":1,"dtbop:redwood_root":4,"minecraft:lectern":1,"biomesoplenty:high_grass_plant":3,"minecraft:tall_grass":1,"minecraft:diorite":2,"minecraft:gray_bed":1,"minecraft:grass":6,"minecraft:coal_ore":25,"minecraft:dirt":12,"minecraft:cobweb":1,"minecraft:fern":10},"minecraft:picked_up":{"biomesoplenty:redwood_log":312,"minecraft:fishing_rod":1,"minecraft:lead":2,"born_in_chaos_v1:holiday_candy":4,"minecraft:string":1,"minecraft:iron_axe":1,"minecraft:blue_orchid":1,"mysticalagriculture:inferium_essence":11,"minecraft:bucket":2,"minecraft:lectern":1,"minecraft:poppy":1,"dynamictrees:oak_seed":2,"minecraft:spruce_trapdoor":1,"minecraft:stick":66,"apotheosis:gem":1,"minecraft:glow_item_frame":2,"minecraft:porkchop":3,"minecraft:diorite":2,"easy_villagers:villager":5,"biomesoplenty:redwood_planks":1,"minecraft:rotten_flesh":7,"minecraft:mutton":2,"minecraft:cobblestone":63,"minecraft:cod":4,"minecraft:white_wool":1,"born_in_chaos_v1:sweet_axe":1,"minecraft:flint":10,"minecraft:chainmail_chestplate":1,"iceandfire:ectoplasm":2,"minecraft:dirt":33,"minecraft:lantern":3,"minecraft:bone":1,"minecraft:wheat_seeds":5,"minecraft:iron_ingot":7,"minecraft:book":68,"minecraft:gravel":11,"dtbop:redwood_seed":2,"minecraft:dark_oak_log":47,"minecraft:spruce_door":1,"minecraft:granite":20,"minecraft:emerald":16,"born_in_chaos_v1:rotten_fish":1,"minecraft:coal":25},"minecraft:used":{"minecraft:chest":3,"born_in_chaos_v1:sweet_axe":48,"minecraft:iron_sword":123,"minecraft:torch":1,"minecraft:dirt":19,"minecraft:cod_bucket":4,"biomesoplenty:redwood_log":1,"minecraft:obsidian":2,"minecraft:bookshelf":1,"minecraft:iron_axe":5,"minecraft:blue_orchid":1,"minecraft:golden_sword":33,"biomesoplenty:redwood_button":2,"minecraft:cooked_mutton":1,"minecraft:water_bucket":3,"minecraft:stone_pickaxe":105,"minecraft:wooden_pickaxe":11,"minecraft:fletching_table":1,"spartanweaponry:iron_boomerang":2,"minecraft:clay":2,"minecraft:white_wool":1,"minecraft:smoker":1,"easy_villagers:villager":3,"minecraft:bread":28,"minecraft:string":1,"minecraft:lectern":1,"minecraft:spruce_trapdoor":1,"minecraft:stone_axe":11,"minecraft:cobblestone":2,"minecraft:cooked_porkchop":2,"minecraft:porkchop":3,"minecraft:bucket":4,"minecraft:tropical_fish_bucket":4},"minecraft:killed":{"born_in_chaos_v1:mr_pumpkin":1,"minecraft:spider":1,"minecraft:cod":4,"minecraft:pig":1,"minecraft:sheep":2,"minecraft:zombie":3,"iceandfire:ghost":1,"born_in_chaos_v1:corpse_fly":1,"born_in_chaos_v1:door_knight":1},"minecraft:crafted":{"minecraft:dark_oak_boat":1,"minecraft:furnace":1,"minecraft:bookshelf":1,"patchouli:guide_book":1,"minecraft:cooked_mutton":2,"minecraft:flint_and_steel":1,"minecraft:stone_pickaxe":1,"minecraft:chest":3,"minecraft:dark_oak_planks":12,"minecraft:smoker":1,"minecraft:cooked_beef":1,"minecraft:cooked_cod":6,"minecraft:arrow":16,"minecraft:emerald":32,"biomesoplenty:redwood_planks":1028,"minecraft:wooden_pickaxe":1,"minecraft:cooked_salmon":3,"minecraft:fletching_table":1,"minecraft:stone_axe":1,"minecraft:air":0,"biomesoplenty:redwood_button":2,"minecraft:stick":2000,"minecraft:torch":4},"minecraft:dropped":{"minecraft:iron_ingot":6,"minecraft:wheat_seeds":5,"spartanweaponry:iron_boomerang":1,"minecraft:baked_potato":8,"born_in_chaos_v1:holiday_candy":2,"minecraft:lead":2,"minecraft:glow_item_frame":2,"minecraft:lantern":3,"iceandfire:ectoplasm":1,"minecraft:spruce_door":1,"vampirism:amulet":1,"minecraft:dirt":2,"minecraft:dark_oak_planks":3,"minecraft:dark_oak_boat":1,"minecraft:bucket":1,"minecraft:bone":1,"born_in_chaos_v1:rotten_fish":1,"minecraft:rotten_flesh":2,"minecraft:leather_chestplate":1,"mysticalagriculture:inferium_essence":6,"easy_villagers:villager":2,"minecraft:black_wool":3},"minecraft:custom":{"minecraft:mob_kills":15,"minecraft:interact_with_crafting_table":15,"minecraft:open_barrel":6,"minecraft:damage_dealt_resisted":967,"minecraft:eat_cake_slice":6,"minecraft:leave_game":4,"minecraft:time_since_death":36904,"minecraft:climb_one_cm":1675,"minecraft:damage_resisted":0,"minecraft:sprint_one_cm":114383,"minecraft:walk_one_cm":157049,"minecraft:drop":42,"minecraft:talked_to_villager":26,"minecraft:play_time":84502,"minecraft:deaths":4,"minecraft:sneak_time":2042,"minecraft:walk_under_water_one_cm":8632,"minecraft:boat_one_cm":46274,"minecraft:jump":1035,"minecraft:walk_on_water_one_cm":19477,"minecraft:total_world_time":84502,"minecraft:traded_with_villager":34,"minecraft:sleep_in_bed":3,"minecraft:time_since_rest":25698,"minecraft:waystone_activated":1,"minecraft:damage_taken":2843,"minecraft:damage_dealt":4593,"minecraft:swim_one_cm":80668,"minecraft:fly_one_cm":169186,"minecraft:player_kills":7,"minecraft:open_chest":61,"minecraft:crouch_one_cm":2293,"minecraft:interact_with_smoker":11,"minecraft:fall_one_cm":24015}},"DataVersion":3465}