{"stats":{"minecraft:broken":{"minecraft:golden_sword":1},"minecraft:killed_by":{"born_in_chaos_v1:door_knight":1},"minecraft:mined":{"minecraft:grass":1,"biomesoplenty:bush":3},"minecraft:picked_up":{"minecraft:fishing_rod":1,"minecraft:rotten_flesh":3,"minecraft:bucket":1,"minecraft:porkchop":3},"minecraft:killed":{"born_in_chaos_v1:door_knight":1,"minecraft:pig":1},"minecraft:used":{"minecraft:golden_sword":33,"minecraft:porkchop":3,"minecraft:iron_sword":9},"minecraft:custom":{"minecraft:open_chest":11,"minecraft:time_since_rest":3078,"minecraft:crouch_one_cm":102,"minecraft:deaths":1,"minecraft:play_time":6004,"minecraft:sprint_one_cm":26664,"minecraft:damage_taken":409,"minecraft:walk_one_cm":33215,"minecraft:sneak_time":21,"minecraft:walk_under_water_one_cm":79,"minecraft:mob_kills":2,"minecraft:damage_dealt_resisted":960,"minecraft:jump":180,"minecraft:eat_cake_slice":4,"minecraft:damage_dealt":398,"minecraft:time_since_death":3071,"minecraft:walk_on_water_one_cm":997,"minecraft:sleep_in_bed":1,"minecraft:total_world_time":6004,"minecraft:swim_one_cm":4749,"minecraft:talked_to_villager":1,"minecraft:fall_one_cm":5180,"minecraft:fly_one_cm":34668}},"DataVersion":3465}