{"stats":{"minecraft:broken":{"minecraft:leather_helmet":1,"minecraft:golden_boots":1,"minecraft:golden_leggings":1,"minecraft:stone_pickaxe":3,"minecraft:golden_sword":1,"minecraft:iron_axe":1,"minecraft:stone_shovel":2},"minecraft:killed_by":{"minecraft:player":5,"born_in_chaos_v1:door_knight":1},"minecraft:mined":{"create:zinc_ore":4,"iceandfire:silver_ore":4,"minecraft:granite":32,"biomesoplenty:bush":9,"minecraft:grass_block":11,"mysticalagriculture:inferium_ore":16,"minecraft:large_fern":1,"dynamictrees:oak_undergrowth_leaves":5,"minecraft:iron_ore":22,"minecraft:andesite":32,"minecraft:fletching_table":2,"minecraft:bookshelf":23,"biomesoplenty:redwood_log":1,"minecraft:stone":311,"minecraft:white_wool":1,"minecraft:podzol":9,"biomesoplenty:redwood_planks":3,"dtbop:redwood_root":4,"minecraft:torch":3,"minecraft:lectern":1,"biomesoplenty:high_grass_plant":3,"minecraft:cobblestone":5,"minecraft:tall_grass":1,"minecraft:diorite":32,"minecraft:wall_torch":18,"minecraft:gray_bed":1,"minecraft:grass":6,"minecraft:coal_ore":78,"minecraft:gravel":374,"minecraft:birch_button":2,"minecraft:dirt":15,"minecraft:cobweb":1,"minecraft:fern":11},"minecraft:picked_up":{"biomesoplenty:redwood_log":859,"minecraft:fishing_rod":1,"minecraft:lead":2,"minecraft:birch_button":2,"cyclic:crafting_stick":1,"born_in_chaos_v1:bloody_gadfly_eye":1,"born_in_chaos_v1:holiday_candy":4,"minecraft:string":2,"minecraft:iron_axe":1,"spartanweaponry:bolt":2,"minecraft:blue_orchid":1,"mysticalagriculture:inferium_essence":64,"minecraft:bucket":2,"minecraft:lectern":1,"minecraft:poppy":1,"dynamictrees:oak_seed":2,"minecraft:spruce_trapdoor":1,"minecraft:stick":110,"minecraft:raw_iron":22,"apotheosis:gem":3,"minecraft:glow_item_frame":2,"minecraft:torch":82,"minecraft:porkchop":3,"minecraft:diorite":31,"born_in_chaos_v1:nightmare_claw":2,"born_in_chaos_v1:pieceofdarkmetal":5,"easy_villagers:villager":5,"biomesoplenty:redwood_planks":3,"minecraft:rotten_flesh":7,"minecraft:mutton":2,"minecraft:cobblestone":310,"minecraft:cod":4,"minecraft:white_wool":1,"born_in_chaos_v1:corpse_maggot":16,"born_in_chaos_v1:monster_flesh":4,"minecraft:andesite":30,"born_in_chaos_v1:sweet_axe":1,"minecraft:birch_planks":23,"minecraft:flint":50,"create:raw_zinc":4,"minecraft:oak_log":2,"minecraft:chainmail_chestplate":1,"iceandfire:ectoplasm":2,"minecraft:dirt":37,"minecraft:lantern":3,"born_in_chaos_v1:monster_skin":3,"minecraft:bone":4,"minecraft:wheat_seeds":6,"minecraft:iron_ingot":7,"minecraft:stone_pickaxe":1,"minecraft:fletching_table":2,"minecraft:book":68,"born_in_chaos_v1:ethereal_spirit":2,"dtbop:redwood_seed":3,"minecraft:gravel":342,"minecraft:spider_eye":1,"minecraft:dark_oak_log":47,"minecraft:spruce_door":1,"minecraft:granite":32,"minecraft:emerald":16,"born_in_chaos_v1:rotten_fish":1,"minecraft:coal":78,"iceandfire:raw_silver":4},"minecraft:used":{"minecraft:stone_shovel":371,"minecraft:chest":4,"born_in_chaos_v1:sweet_axe":48,"minecraft:iron_sword":212,"minecraft:torch":83,"minecraft:dirt":20,"minecraft:chainmail_chestplate":1,"minecraft:cod_bucket":4,"minecraft:granite":32,"biomesoplenty:redwood_log":1,"minecraft:obsidian":2,"minecraft:bookshelf":1,"minecraft:iron_axe":5,"minecraft:blue_orchid":1,"minecraft:birch_button":3,"minecraft:golden_sword":33,"biomesoplenty:redwood_button":2,"minecraft:cooked_mutton":1,"minecraft:water_bucket":191,"minecraft:diorite":12,"minecraft:stone_pickaxe":510,"minecraft:baked_potato":20,"minecraft:wooden_pickaxe":11,"minecraft:clay":2,"minecraft:fletching_table":3,"spartanweaponry:iron_boomerang":2,"minecraft:white_wool":1,"minecraft:smoker":1,"easy_villagers:villager":9,"born_in_chaos_v1:monster_flesh":1,"minecraft:bread":32,"minecraft:string":1,"minecraft:iron_pickaxe":20,"minecraft:lectern":1,"minecraft:spruce_trapdoor":1,"minecraft:gravel":317,"minecraft:stone_axe":25,"minecraft:cobblestone":85,"minecraft:porkchop":3,"minecraft:cooked_porkchop":2,"minecraft:andesite":29,"minecraft:bucket":198,"minecraft:tropical_fish_bucket":4},"minecraft:killed":{"born_in_chaos_v1:mr_pumpkin":1,"minecraft:spider":1,"minecraft:cod":4,"born_in_chaos_v1:maggot":4,"minecraft:skeleton":1,"minecraft:pig":1,"born_in_chaos_v1:swarmer":1,"born_in_chaos_v1:baby_skeleton":1,"minecraft:sheep":2,"born_in_chaos_v1:bloody_gadfly":1,"minecraft:zombie":3,"iceandfire:ghost":1,"born_in_chaos_v1:dread_hound":1,"born_in_chaos_v1:corpse_fly":8,"born_in_chaos_v1:nightmare_stalker":2,"born_in_chaos_v1:door_knight":1},"minecraft:crafted":{"minecraft:oak_planks":8,"minecraft:stone_shovel":1,"minecraft:dark_oak_boat":1,"minecraft:furnace":1,"cyclic:crafting_stick":1,"minecraft:bookshelf":1,"patchouli:guide_book":1,"minecraft:cooked_mutton":2,"minecraft:flint_and_steel":1,"minecraft:stone_pickaxe":3,"minecraft:chest":4,"minecraft:birch_button":1,"minecraft:dark_oak_planks":12,"minecraft:smoker":1,"minecraft:cooked_beef":1,"minecraft:cooked_cod":6,"minecraft:arrow":16,"minecraft:emerald":64,"minecraft:crafting_table":1,"biomesoplenty:redwood_planks":1040,"minecraft:wooden_pickaxe":1,"minecraft:cooked_salmon":3,"minecraft:fletching_table":1,"minecraft:stone_axe":1,"minecraft:air":0,"biomesoplenty:redwood_button":2,"minecraft:stick":2064,"minecraft:iron_pickaxe":1,"minecraft:iron_ingot":7,"minecraft:torch":4},"minecraft:dropped":{"minecraft:iron_ingot":6,"minecraft:wheat_seeds":6,"minecraft:baked_potato":8,"spartanweaponry:iron_boomerang":1,"born_in_chaos_v1:holiday_candy":2,"minecraft:cobblestone":7,"minecraft:lead":2,"minecraft:glow_item_frame":2,"minecraft:lantern":3,"iceandfire:ectoplasm":1,"minecraft:spruce_door":1,"vampirism:amulet":1,"minecraft:dirt":2,"minecraft:diorite":19,"minecraft:string":1,"minecraft:dark_oak_planks":3,"minecraft:dark_oak_boat":1,"minecraft:bucket":2,"minecraft:bone":1,"minecraft:gravel":14,"cyclic:crafting_stick":1,"minecraft:stone_axe":1,"minecraft:stone_shovel":1,"minecraft:raw_iron":7,"born_in_chaos_v1:rotten_fish":1,"minecraft:rotten_flesh":2,"spartanweaponry:bolt":4,"minecraft:leather_chestplate":1,"minecraft:andesite":1,"mysticalagriculture:inferium_essence":6,"easy_villagers:villager":3,"minecraft:spider_eye":1,"minecraft:stone_pickaxe":2,"minecraft:black_wool":3},"minecraft:custom":{"minecraft:mob_kills":33,"minecraft:interact_with_crafting_table":21,"minecraft:open_barrel":6,"minecraft:damage_dealt_resisted":1066,"minecraft:eat_cake_slice":6,"minecraft:leave_game":5,"minecraft:time_since_death":65919,"minecraft:climb_one_cm":1675,"minecraft:damage_resisted":0,"minecraft:sprint_one_cm":209034,"minecraft:walk_one_cm":295410,"minecraft:drop":59,"minecraft:talked_to_villager":40,"minecraft:play_time":207429,"minecraft:deaths":6,"minecraft:sneak_time":4983,"minecraft:walk_under_water_one_cm":48793,"minecraft:boat_one_cm":46274,"minecraft:jump":1830,"minecraft:walk_on_water_one_cm":87015,"minecraft:total_world_time":207429,"minecraft:interact_with_furnace":4,"minecraft:traded_with_villager":66,"minecraft:sleep_in_bed":5,"minecraft:time_since_rest":65958,"minecraft:waystone_activated":1,"minecraft:damage_taken":4311,"minecraft:damage_dealt":8108,"minecraft:swim_one_cm":120171,"minecraft:fly_one_cm":194914,"minecraft:player_kills":8,"minecraft:open_chest":98,"minecraft:crouch_one_cm":4863,"minecraft:interact_with_smoker":11,"minecraft:fall_one_cm":27579}},"DataVersion":3465}